Cluster,IntellectualChallenge_1_AESTHEMOS,Relaxation_1_AESTHEMOS,FeelingOfBeauty_1_AESTHEMOS,Enchantment_1_AESTHEMOS,IntellectualChallenge_2_AESTHEMOS,FeelingOfUgliness_2_AESTHEMOS,BeingMoved_1_AESTHEMOS,Energy_2_AESTHEMOS,Enchantment_2_AESTHEMOS,Relaxation_2_AESTHEMOS,Humor_1_AESTHEMOS,Confusion_1_AESTHEMOS,Nostalgia_2_AESTHEMOS,Nostalgia_1_AESTHEMOS,Uneasiness_2_AESTHEMOS,Vitality_1_AESTHEMOS,Fascination_1_AESTHEMOS,BeingMoved_2_AESTHEMOS,Interest_2_AESTHEMOS,Awe_1_AESTHEMOS,Humor_2_AESTHEMOS,FeelingOfBeauty_2_AESTHEMOS,Joy_1_AESTHEMOS,Interest_1_AESTHEMOS,Fascination_2_AESTHEMOS,Vitality_2_AESTHEMOS,Surprise_1_AESTHEMOS,Insight_1_AESTHEMOS,Sadness_1_AESTHEMOS,Anger_1_AESTHEMOS,Boredom_1_AESTHEMOS,Insight_2_AESTHEMOS,Sadness_2_AESTHEMOS,Anger_2_AESTHEMOS,Uneasiness_1_AESTHEMOS,Surprise_2_AESTHEMOS,Awe_2_AESTHEMOS,Boredom_2_AESTHEMOS,FeelingOfUgliness_1_AESTHEMOS,Confusion_2_AESTHEMOS,Joy_2_AESTHEMOS,Energy_1_AESTHEMOS
0,3.5555555555555554,3.6666666666666665,4.846153846153846,4.444444444444445,4.3760683760683765,1.3675213675213675,4.256410256410256,3.3675213675213675,4.538461538461538,3.6324786324786325,3.393162393162393,2.1965811965811968,4.162393162393163,3.4786324786324787,1.6752136752136753,3.4957264957264957,4.589743589743589,4.384615384615385,4.581196581196581,4.3076923076923075,2.393162393162393,4.786324786324786,4.145299145299146,4.153846153846154,4.512820512820513,3.4358974358974357,2.5982905982905984,4.35042735042735,3.299145299145299,1.7008547008547008,1.1965811965811965,3.572649572649573,3.0854700854700856,1.3846153846153846,2.0256410256410255,4.0256410256410255,4.042735042735043,1.3675213675213675,1.1452991452991452,2.111111111111111,4.102564102564102,3.3333333333333335
1,2.607843137254902,2.3529411764705883,4.333333333333333,3.0,3.7450980392156863,1.7254901960784315,2.843137254901961,2.4705882352941178,3.1372549019607843,2.3137254901960786,2.450980392156863,2.1176470588235294,2.549019607843137,1.7843137254901962,1.9803921568627452,2.235294117647059,3.7058823529411766,3.0,3.5686274509803924,3.176470588235294,1.9803921568627452,3.980392156862745,3.0,2.9215686274509802,3.5686274509803924,2.235294117647059,2.176470588235294,3.235294117647059,2.627450980392157,1.6274509803921569,1.2549019607843137,2.6862745098039214,2.6666666666666665,1.5098039215686274,1.7058823529411764,3.156862745098039,2.764705882352941,1.4705882352941178,1.2549019607843137,2.215686274509804,3.0392156862745097,2.0980392156862746
