IntellectualChallenge_1_AESTHEMOS,Relaxation_1_AESTHEMOS,FeelingOfBeauty_1_AESTHEMOS,Enchantment_1_AESTHEMOS,IntellectualChallenge_2_AESTHEMOS,FeelingOfUgliness_2_AESTHEMOS,BeingMoved_1_AESTHEMOS,Energy_2_AESTHEMOS,Enchantment_2_AESTHEMOS,Relaxation_2_AESTHEMOS,Humor_1_AESTHEMOS,Confusion_1_AESTHEMOS,Nostalgia_2_AESTHEMOS,Nostalgia_1_AESTHEMOS,Uneasiness_2_AESTHEMOS,Vitality_1_AESTHEMOS,Fascination_1_AESTHEMOS,BeingMoved_2_AESTHEMOS,Interest_2_AESTHEMOS,Awe_1_AESTHEMOS,Humor_2_AESTHEMOS,FeelingOfBeauty_2_AESTHEMOS,Joy_1_AESTHEMOS,Interest_1_AESTHEMOS,Fascination_2_AESTHEMOS,Vitality_2_AESTHEMOS,Surprise_1_AESTHEMOS,Insight_1_AESTHEMOS,Sadness_1_AESTHEMOS,Anger_1_AESTHEMOS,Boredom_1_AESTHEMOS,Insight_2_AESTHEMOS,Sadness_2_AESTHEMOS,Anger_2_AESTHEMOS,Uneasiness_1_AESTHEMOS,Surprise_2_AESTHEMOS,Awe_2_AESTHEMOS,Boredom_2_AESTHEMOS,FeelingOfUgliness_1_AESTHEMOS,Confusion_2_AESTHEMOS,Joy_2_AESTHEMOS,Energy_1_AESTHEMOS
3.555555555555556,3.6666666666666665,4.846153846153847,4.4444444444444455,4.376068376068376,1.3675213675213675,4.256410256410257,3.367521367521368,4.538461538461538,3.632478632478633,3.3931623931623927,2.1965811965811968,4.162393162393161,3.478632478632478,1.6752136752136755,3.495726495726495,4.58974358974359,4.384615384615384,4.58119658119658,4.3076923076923075,2.3931623931623935,4.786324786324785,4.145299145299145,4.153846153846153,4.512820512820514,3.435897435897436,2.5982905982905984,4.35042735042735,3.2991452991452994,1.7008547008547008,1.1965811965811965,3.572649572649573,3.085470085470085,1.3846153846153848,2.0256410256410255,4.025641025641025,4.042735042735043,1.3675213675213675,1.1452991452991452,2.111111111111111,4.102564102564102,3.3333333333333335
2.6078431372549025,2.352941176470588,4.333333333333334,3.000000000000001,3.745098039215686,1.7254901960784315,2.8431372549019613,2.4705882352941178,3.137254901960784,2.313725490196079,2.450980392156863,2.1176470588235294,2.549019607843136,1.7843137254901955,1.9803921568627454,2.235294117647059,3.7058823529411775,2.999999999999999,3.568627450980391,3.1764705882352935,1.9803921568627454,3.9803921568627443,2.9999999999999987,2.9215686274509802,3.5686274509803932,2.235294117647059,2.1764705882352944,3.235294117647059,2.6274509803921573,1.6274509803921569,1.2549019607843137,2.686274509803922,2.6666666666666665,1.5098039215686276,1.7058823529411764,3.1568627450980387,2.764705882352941,1.4705882352941178,1.2549019607843137,2.215686274509804,3.0392156862745097,2.098039215686274
